name,organization,state_searched,address,membership_type,member_number,profile_id,business_email,business_phone
Jeremy Taylor,Figured Out,Victoria,Victoria,Professional Member T1-2,98555,307762,,
Colin White,,Victoria,Victoria,Professional Member T10-11,1127,308002,,
Luke Webb,Vehicle & Equipment Finance Pty Ltd,Victoria,"211 Dana Street, Ballarat, Victoria 3350",Professional Member T10-11,293272,807882,,
Vanessa Titmarsh,DLV (QLD) Pty Ltd,Victoria,"155 East Street (Cnr East & William St), Rockhampton, Queensland 4700",Professional Member T6-7,295344,1301593,,
Robert Kitchin,DLV (QLD) Pty Ltd,Victoria,"155 East Street (Cnr East & William St),, Rockhampton, Queensland 4700",Professional Member (Provisional) T6,295503,1309909,,
Geoff Schintler,Mainland Finance Pty Ltd (Bendigo),Victoria,"114 Queen Street, Bendigo, Victoria 3550",Retired Member,6001,308078,,
Geoff Ireland,Mainland Finance Pty Ltd (Bendigo),Victoria,"114 Queen Street, Bendigo, Victoria 3550",Professional Member T6-7,6006,308080,,
Mark Whitla,Heavy Equipment Finance Australia Pty Ltd,Victoria,"3 Tonks Court, Kyneton, Kyenton, Victoria 3444",Professional Member T1-2,15004,308233,,
Adrian Waller,Allservice Finance Broking Group Pty Ltd,Victoria,"28 Gell Street, Bacchus Marsh, Victoria 3340",Professional Member (Discount) T2,3620,307751,,
Lisa Wilson,Halcyon Finance Pty Ltd,Victoria,"PO Box 7, Sunbury, Victoria 3429",Professional Member T3,54421,307817,,
Wayne Glascott,Halcyon Finance Pty Ltd,Victoria,"P.O. Box 7, Sunbury, Victoria 3429",Professional Member T3,16407,307831,,
Doug Hamilton,Halcyon Finance Pty Ltd,Victoria,"2 Roseberry Street, Sunbury, Victoria 3429",Professional Member T3,16405,307821,,
Don Leale,First Grade Financial Solutions,Victoria,"P.O. Box 3177, Caroline Springs, Victoria 3023",Professional Member T1-2,4713,308057,,
Gayle Styles,Green Triangle Finance & Leasing Hamilton Vic,Victoria,"PO Box 272, Hamilton, Victoria 3300",Professional Member T3,22602,307969,,
Ronald Wiber,Corporate Capital & Leasing Pty Ltd,Victoria,"P.O. Box 918, HAMILTON, Victoria 3300",Professional Member (Discount) T1-2,22701,307850,,
Rebecca Sutherland,Income Solutions Finance Hub,Victoria,"39 Gellibrand Street, Colac, Victoria 3250",Professional Member (Discount) T1-2,290801,363870,,
Rajinder Kaur,Maxify Asset Finance Solutions Pty Ltd,Victoria,"209/2 Infinity Drive, Truganina, Victoria 3029",Professional Member T1-2,296621,1579713,,
Barinder Malhan,Befree Finance,Victoria,"26A Slater Parade, Keilor East, Victoria 3033",Professional Member T1-2,297570,1800651,,
Gary Pigott,Vehicle & Equipment Finance Pty Ltd,Victoria,"253 La Trobe Terrace, Geelong, Victoria 3220",Professional Member T10-11,294522,1097710,,
Giriraj Singh,Express Fin Pty Ltd,Victoria,"3.02/101 Overton Road, Williams Landing, Victoria 3027",Professional Member (Discount) T1-2,296609,1578723,,
Jessica Finnigan,Morris Services Pty Ltd,Victoria,"Level 7 / 60 Moorabool Street, Geelong, Victoria 3220",Professional Member T6-7,297260,1761074,,
Alex Brown,Morris Services Pty Ltd,Victoria,"7/60 Moorabool Street, Geelong, Victoria 3220",Professional Member T6-7,297550,1799056,,
Jackson Davis,Morris Services Pty Ltd,Victoria,"Level 7, 60 Moorabool Street",Professional Member T6-7,297616,1805408,,
Radhe Vaid,Scouty Finance,Victoria,"Suite 302, 89 Overton Road Williams Landing 3027, Williams Landing, Victoria 3027",Professional Member (Discount) T1-2,297919,1888980,,
AMIT MAHAJAN,Finance Avail,Victoria,"612/101, Overton road, WILLIAMS LANDING, Victoria 3027",Professional Member T1-2,298072,1916440,,
Fiona Trotter,Morris Services Pty. Ltd.,Victoria,"Level 7 / 60 Moorabool Street, P.O. Box 4233, Geelong, Victoria 3220",Professional Member T6-7,13907,308142,,
Stephanie Sprigg,Morris Services Pty Ltd,Victoria,"PO Box 4233, Geelong, Victoria 3220",Professional Member T6-7,59243,308140,,
Bajadin Ceni,Morris Services Pty Ltd,Victoria,"PO Box 4233, Geelong, Victoria 3220",Professional Member T6-7,102105,308138,,
Stacey Papadopoulos,Atrium Finance Pty Ltd ATF Atrium Finance Unit Trust,Victoria,"Unit 20, 43-51 King Street, Airport West, Victoria 3042",Professional Member T1-2,297449,1788007,,
Chintha Senanayake,Finro Finance Pty Ltd,Victoria,"suite 8A, 80-82 Keilor Road, Essendon, Victoria 3041",Professional Member T2,298274,1970513,,
Daina Howard,GSC Finance Solutions Pty Ltd,Victoria,"126 Torquay Rd, Grovedale, Victoria 3217",Professional Member T1-2,296004,1390536,,
Dean Vo,Corporate Finance & Leasing Pty Ltd,Victoria,"SUITE 103, 964 MOUNT ALEXANDER ROAD, ESSENDON, Victoria 3040",Professional Member T2,49596,307852,,
Nicholas Somerton,Corporate Finance & Leasing Pty ltd,Victoria,"Suite 103, 964 Mt Alexander Rd, Essendon, Victoria 3040",Professional Member T2,102831,307853,,
Danelle Messaike,HeadStrat Capital Pty Ltd,Victoria,"13 Merbein Street, Pascoe Vale, Victoria 3026",Professional Member T1-2,290937,386572,,
Derrick Wong,FINR Advisory,Victoria,"Level 1/33 Anderson St, Yarraville, Victoria 3013",Professional Member (Discount) T1-2,293042,779313,,
Ben Day,Shape Equipment Finance Pty Ltd,Victoria,"Level 1, 177 Sydney Road, Brunswick, Victoria 3056",Professional Member T2,35942,307815,,
Brett Hartwig,Berkeley Capital Partners Pty Ltd,Victoria,"Level 4/369 Royal Parade, Parkville, Victoria 3052",Professional Member T1-2,294204,1070618,,
Ankur Malik,,Victoria,"Suite 3, 58 Abbotsford Street, West Melbourne, Victoria 3003",Professional Member T1-2,296189,1501545,,
Cameron McCredie,Finance Assist Pty Ltd,Victoria,"185 Arden Street, North Melbourne, Victoria 3051",Professional Member T1-2,17601,307917,,
Ashley Lambert,Green Triangle Finance & Leasing Hamilton Vic,Victoria,"68A Whyte Street, Coleraine, Victoria 3315",Professional Member T3,22603,307970,,
Matthew Blucher,Blucher Investments Pty Ltd trading as Professional Finance Services Qld,Queensland,Queensland,Professional Member T4-5,291847,680783,,
David Pickstone,Interstate Finance & Leasing,Queensland,"PO Box 2286, Emerald, Queensland 4720",Professional Member T3,292960,770420,,
Daniel Lawson,RLA Finance Australia,Queensland,"PO Box 1173, Aitkenvale, Queensland 4814",Professional Member T5,96359,308251,,
Kellie-Jane Crocker,RLA Finance Australia Pty Ltd,Queensland,"58 Ross River Road, Mundingburra, Queensland 4812",Professional Member T5,61296,308252,,
Craig McManus,Southmac Finance Pty Ltd,Queensland,"Po Box 2685, Idalia, Queensland 4811",Professional Member (Discount) T1-2,297243,1757665,,
